Title,Link
Best Books for Programmers (Updated 2020) - Simple ...,https://simpleprogrammer.com/best-programming-books-2019/
Best Books for Programmers (The Ultimate List) - Afternerd,https://www.afternerd.com/blog/best-books-programmers/
Best Programming Books: 9 Books to Read and Distinguish ...,https://www.codingdojo.com/blog/9-best-programming-books-read-right-now-want-distinguish
7 Essential Books for Programmers - Better Programming ...,https://medium.com/better-programming/7-essential-books-for-programmers-869bca83b360
10 Programming Books you Need to Read - Full-Stack tips ...,https://medium.com/full-stack-tips/programming-books-372c0063b440
Best Coding Books: Programming Books to Read for Beginners,https://www.bitdegree.org/tutorials/coding-books/
Best Programming Books: 9 Books to Read and Distinguish Yourself,https://www.codingdojo.com/blog/9-best-programming-books-read-right-now-want-distinguish
Top 5 Best Computer Programming Books For Beginners | Web and ...,http://gria.org/best-computer-programming-books-beginners/
Gallery: 20 books that every programmer should read - TechRepublic,https://www.techrepublic.com/pictures/gallery-15-books-that-every-programmer-should-read/
Programming Books: Every Developer Should Read These ...,https://www.whoishostingthis.com/resources/programming-books/
The 13 Best Programming Books For Software Developers ...,https://selftaught.blog/best-programming-books/
7 Best Programming Books for Beginners in 2020,https://www.anysoftwaretools.com/best-programming-books/
Best Computer Coding Books for Beginners and Experts in ...,https://coderseye.com/best-coding-books-for-beginners/
100 Best Programming Books of All Time - BookAuthority,https://bookauthority.org/books/best-programming-books
22 Best New Programming Books To Read In 2020 ...,https://bookauthority.org/books/new-programming-books
TOP-35 Programming Books in 2020 - ByteScout,https://bytescout.com/blog/top-20-programming-books-in-2019.html
5 Best Programming Books for Beginners in 2018 ...,https://blog.hyperiondev.com/index.php/2018/06/12/5-best-programming-books-for-beginners/
10 Books Every Programmer Should Read | Java67,https://www.java67.com/2015/03/10-books-every-programmer-and-software-engineer-read.html
13 BEST C Programming Books for Beginners (2020 Update),https://www.guru99.com/best-c-books.html
Best books on programming for developers and programmers ...,https://peterdaugaardrasmussen.com/2018/12/23/great-programming-books-that-i-still-recommend-in-2019/
Top 10 best programming books to read in 2020 | TechGig,https://content.techgig.com/top-10-best-programming-books-to-read-in-2020/articleshow/73225579.cms
10 Data Structure & Algorithms Books Every Programmer ...,https://hackernoon.com/10-data-structure-algorithms-books-every-programmer-should-read-d50487313127
Looking for Programming Books? Here are the 46 Best ...,https://learntocodewith.me/posts/programming-books/
Programming Languages - Amazon.in,https://www.amazon.in/gp/bestsellers/books/4149459031
The Best Books on Computer Science and Programming ...,https://fivebooks.com/best-books/programming-computer-science-ana-bell/
10 Best C and C++ Books (Recommended by the Programming,https://hackr.io/blog/10-best-c-cpp-books
29 Must Read Books For Programmers - DEV Community ‍    ‍,https://dev.to/bosepchuk/29-must-read-programming-books-2n45
The Best Python Books – Real Python,https://realpython.com/best-python-books/
Best Programming Books - The Crazy Programmer,https://www.thecrazyprogrammer.com/best-programming-books
Beginner Books - learn programming with free books ...,https://www.linuxlinks.com/beginnerbooks/
Programmer Books | Download Free PDF Programming Ebooks,https://www.programmer-books.com/
Best Books to Learn Python for Beginners and Experts in 2019 ...,https://www.geeksforgeeks.org/best-books-to-learn-python-for-beginners-and-experts-in-2019/
What Is the Best Programming Book for Beginners?,https://makemeaprogrammer.com/what-is-the-best-programming-book-for-beginners/
5 Best Programming Books for Beginners and Experts in 2019,https://zeroequalsfalse.com/posts/best-programming-books-for-beginners-and-experts/
Most important programming books according to StackOverflow ...,https://www.reddit.com/r/programming/comments/a0l9vc/most_important_programming_books_according_to/
Top 6 Books to Learn and Master Programming ... - Javarevisited,https://javarevisited.blogspot.com/2014/09/top-6-books-to-learn-programming-coding.html
Learn Programming: Best Programming books & tutorials ...,https://reactdom.com/programming
"Low-Level Programming: C, Assembly, and ... - Amazon.fr",https://www.amazon.fr/Low-Level-Programming-Assembly-Execution-Architecture/dp/1484224027
Top Programming Languages best Programming books,https://www.codeavail.com/blog/top-programming-languages-best-programming-books/
Programming Books: The 10 Best Books to Learn Programming,https://noeticforce.com/best-programming-books
21 Best Programming Books For Developers [February 2020],https://cleversequence.com/best-programming-books-for-software-developers/
Terrific Coding Books to Introduce Programming to Kids ...,https://www.readbrightly.com/childrens-books-to-introduce-coding/
100 Essential Programming Books – BooksIcon.com,https://booksicon.com/2018/11/25/100-essential-programming-books/
Computing and Internet Programming: Books: Amazon.co.uk,https://www.amazon.co.uk/Programming-Computers-Internet-Books/b?ie=UTF8&node=269678
Best Books for Learning C Programming | Hacker News Books,https://hackernewsbooks.com/topics/learning-c-programming-books
Programming Books Area Waste Of Time - C2 wiki,https://wiki.c2.com/?ProgrammingBooksAreaWasteOfTime
Top 5 Best Computer Programming Books For Beginners ...,http://gria.org/best-computer-programming-books-beginners/
What is the best book(s) for improving our programming skills?,https://www.researchgate.net/post/What_is_the_best_books_for_improving_our_programming_skills
Best Programming Books For Beginners,http://cgxx.bonusjonas.de/best-programming-books-for-beginners.html
Getting the Most Out of Reading Books on Programming ...,https://www.cprogramming.com/learningfrombooks.html
Top 10 Career-Changing Programming Books - Absolutely No ...,https://www.nomachetejuggling.com/2014/02/05/top-10-career-changing-programming-books/
Code Watch: The best programming book of the decade - SD ...,https://sdtimes.com/books/code-watch-the-best-programming-book-of-the-decade/
What is the single most influential book every programmer should ...,https://stackoverflow.com/questions/1711/what-is-the-single-most-influential-book-every-programmer-should-read
"Best Programming Books for 2020 | Web, Design ...",https://www.freelancinggig.com/blog/2019/11/19/best-programming-books-for-2020/
Recommended Reading for Developers - Coding Horror,https://blog.codinghorror.com/recommended-reading-for-developers/
10 Best Programming Books Available on the Internet for Free,https://www.technotification.com/2018/04/top-10-free-programming-books.html
100 Most Influential Programming Books According to Stack ...,https://cspray.io/my.so-archive/100-most-influential-programming-books.html
Tech eBooks: Free Coding Books & Programming Books ...,https://play.google.com/store/apps/details?id=com.muzudre.Probooks&hl=en_US
5 Best C Programming Books For Beginners - AticleWorld,https://aticleworld.com/best-c-programming-books/
List of freely available programming books - CodeProject,https://www.codeproject.com/Reference/315638/List-of-freely-available-programming-books
13 Best Go Programming Books - WhatPixel,https://whatpixel.com/best-go-programming-books/
Best C Programming Book for Beginners - Developer Insider,https://developerinsider.co/best-c-programming-book-for-beginners/
Best Books for C Programming - Top Options for Serious ...,https://www.bmu.edu.in/social/best-books-for-c-programming/
Why do people use programming books? - Software Engineering Stack ...,https://softwareengineering.stackexchange.com/questions/96524/why-do-people-use-programming-books
Top 10 Free Programming Books Every Coder Should Read,https://blog.education-ecosystem.com/best-free-programming-books/
13 Best non-programming books programmers should read as ...,https://www.slant.co/topics/241/~best-non-programming-books-programmers-should-read
10 Most Popular Books For Programming Language Coders ...,https://www.houseofbots.com/news-detail/4040-1-10-most-popular-books-for-programming-language-coders-of-all-levels-must-read-best-of-lot
Programming Books - Download free PDF eBooks,https://www.programming-book.com/
"My Favorite 100 Programming, Computer and Science Books ...",https://catonmat.net/top-100-books-part-one
Top Java Books to Learn Java Programming - DataFlair,https://data-flair.training/blogs/best-java-books/
Best 12 Clojure Programming Books - Machine Learning,http://www.aioptify.com/best-clojure-programming-books.php
Programming book list - Dan Luu,https://danluu.com/programming-books/
Category:Computer programming books - Wikipedia,https://en.wikipedia.org/wiki/Category:Computer_programming_books
Best Programming Books | BooksReddit,https://booksreddit.com/product-category/best-programming-books/
Top 20 Programming Books - Yanesh Tyagi,http://yaneshtyagi.com/Articles/Top-20-Programming-Books.aspx
"Computer Science, Programming & IT books for free - Bookboon",https://bookboon.com/en/it-programming-ebooks
Must-read books to learn Java programming,https://www.freecodecamp.org/news/must-read-books-to-learn-java-programming-327a3768ea2f/
5 Best Python Programming books for Beginners [ Bestseller ],https://techworm.net/programming/best-python-programming-books/
The Best Python Books for All Skill Levels - Stack Abuse,https://stackabuse.com/the-best-python-books-for-all-skill-levels/
A Parent's Guide To Computer Programming Books For Kids ...,https://bookriot.com/2019/04/09/computer-programming-books-for-kids/
5 Tips for Learning How to Code From a Programming Book,https://blog.newrelic.com/culture/learn-code-programming-book/
Best Programming Books #1: Don't Make Me Think - zolbayar ...,https://zolbayar.com/best-programming-books-1-dont-make-me-think-5246368d542f
Top 5 Programming Books You Should Read,https://www.programwitherik.com/top-5-programming-books-you-should-read/
Best C/C++ Programming Books for Beginners - Computing ...,https://computingforgeeks.com/best-c-programming-books-for-beginners/
Top 10 Books of All-Time for Java Programmers - DZone Java,https://dzone.com/articles/10-all-time-great-books-for-java-programmers-best
Six Essential Language Agnostic Programming Books - Scott ...,https://www.hanselman.com/blog/SixEssentialLanguageAgnosticProgrammingBooks.aspx
10 Free Programming Books You Should Read in 2018 ...,https://tutorialzine.com/2018/01/10-free-programming-books-you-should-read-in-2018
Best Free Programming Books | Toptal,https://www.toptal.com/software/toptal-s-list-of-top-free-programming-books
Free books! 19 no-cost programming guides | InfoWorld,https://www.infoworld.com/article/2893704/19-free-programming-books.html
What are the best books about general programming (style ...,https://hashnode.com/post/what-are-the-best-books-about-general-programming-style-naming-etc-ciyrp1up20018pw53vxyjeo18
Top 10 Programming Books Every .NET Developer Should Own,https://www.danylkoweb.com/Blog/top-10-programming-books-every-net-developer-should-own-QG
Top 10 Books and Courses to Learn Core Java in Depth ...,https://itnext.io/must-read-books-to-learn-java-programming-327a3768ea2f
Best Computer Science Books » CodersCat,https://coderscat.com/best-cs-books
5 Best Linux Programming Books For Unix Programmers ...,https://www.fromdev.com/2014/05/Top-Linux-Programming-Books.html
7 Essential Programming Books X-Team Developers ...,https://x-team.com/blog/7-essential-programming-books/
Teach Yourself Programming in Ten Years - Peter Norvig,https://norvig.com/21-days.html
Top 7 Books for Programming Newbies | Kodilla.com,https://kodilla.com/en/blog/top-7-books-for-programming-newbies
Best books for competitive programming? - Codeforces,https://codeforces.com/blog/entry/48918
xSavitar/programming-books-and-resources ... - GitHub,https://github.com/xSavitar/programming-books-and-resources
Best Books for Programmers (Updated 2020) - Simple ...,https://simpleprogrammer.com/best-programming-books-2019/
20 Most-Recommended Books for Software Developers - Dev.to,https://dev.to/awwsmm/20-most-recommended-books-for-software-developers-5578
7 Essential Books for Programmers - Better Programming ...,https://medium.com/better-programming/7-essential-books-for-programmers-869bca83b360
The Best Books For Software Developers 2019 – The ...,https://sizovs.net/2019/03/17/the-best-books-all-software-developers-must-read/
Books that Junior Developers should read in 2019,https://www.freecodecamp.org/news/9-books-for-junior-developers-in-2019-e41fc7ecc586/
Best Books for Programmers (The Ultimate List) - Afternerd,https://www.afternerd.com/blog/best-books-programmers/
25+ Recommended Blogs & Books for Developers - By Luan ...,https://hackernoon.com/recommended-books-blogs-for-software-engineers-8a4351abe804
5 book recommendations for developers - By - Hacker Noon,https://hackernoon.com/5-book-recommendations-for-developers-1781df7ebdd1
The best books for developers,https://mustread.tech/
Programming Books: Every Developer Should Read These ...,https://www.whoishostingthis.com/resources/programming-books/
Best books on programming for developers and programmers ...,https://peterdaugaardrasmussen.com/2018/12/23/great-programming-books-that-i-still-recommend-in-2019/
What are the best books for programmers? - Quora,https://www.quora.com/What-are-the-best-books-for-programmers
Amazon Best Sellers: Best Software Development,https://www.amazon.com/Best-Sellers-Books-Software-Development/zgbs/books/4016
Recommended Books for Programmers | CalliCoder,https://www.callicoder.com/recommended-books/
The Best Books All Software Developers Should Read - Simple ...,https://simpleprogrammer.com/best-books-software-developers/
Gallery: 20 books that every programmer should read - TechRepublic,https://www.techrepublic.com/pictures/gallery-15-books-that-every-programmer-should-read/
5 Best Programming Books for Beginners in 2018 - HyperionDev Blog,https://blog.hyperiondev.com/index.php/2018/06/12/5-best-programming-books-for-beginners/
10 Things Every Software Developer Should Know - Dev.to,https://dev.to/javinpaul/10-things-every-software-developer-should-know-39pe
10 Books Every Programmer Should Read | Java67,https://www.java67.com/2015/03/10-books-every-programmer-and-software-engineer-read.html
Gallery: 20 books that every programmer should read ...,https://www.techrepublic.com/pictures/gallery-15-books-that-every-programmer-should-read/
11 Best New Software Development Books To Read In 2020 ...,https://bookauthority.org/books/new-software-development-books
10 Classic Books Every Serious Programmer Should Read ...,https://dzone.com/articles/books-every-programmer-should-read
The Best Book to Read as a Developer : programming - Reddit,https://www.reddit.com/r/programming/comments/c8aaov/the_best_book_to_read_as_a_developer/
Best Coding Books: Programming Books to Read for Beginners,https://www.bitdegree.org/tutorials/coding-books/
Programming Books That Developers Must Read | Cosmic ...,https://www.cosmicdevelopment.com/blog/programming-books-that-developers-must-read/
The 10 Best Software Engineering Books in 2019 ...,https://devconnected.com/the-10-best-software-engineering-books-in-2019/
Good Book Developers | We make books good.,https://goodbookdevelopers.com/
21 Best Programming Books For Developers [February 2020],https://cleversequence.com/best-programming-books-for-software-developers/
The 13 Best Programming Books For Software Developers ...,https://selftaught.blog/best-programming-books/
Best Books for Programmers in 2020 | CodeSpot,https://www.codespot.org/best-books-for-programmers/
Popular Programming Books - Goodreads,https://www.goodreads.com/shelf/show/programming
10 Best Python Books for Beginners & Advanced Programmers,https://hackr.io/blog/best-python-books-for-beginners-and-advanced-programmers
5 Must-Read Books for Software Developers — Simply ...,https://www.simplytechnologies.net/blog/2018/8/17/5-must-read-books-for-developers
Top Books for Software Developers,http://www.finsmes.com/2019/07/top-books-for-software-developers.html
Best 50 Python Books for Programmers with All Skill Sets ...,https://linuxhint.com/best_50_python_books/
8 Must-Read Books for Python Programmers - Towards Data ...,https://towardsdatascience.com/8-must-read-books-for-python-programmers-20009a3f3ec3
Ultimate Reading List for Developers | 40 Web Development ...,https://blog.soshace.com/40-web-development-books/
Programmer Books | Download Free PDF Programming Ebooks,https://www.programmer-books.com/
5 books that Programmer must read to succeed in their career ...,https://content.techgig.com/5-books-that-programmer-must-read-to-succeed-in-their-career/articleshow/69827758.cms
Recommended Reading for Developers - Coding Horror,https://blog.codinghorror.com/recommended-reading-for-developers/
Top 6 Books to Learn and Master Programming ... - Javarevisited,https://javarevisited.blogspot.com/2014/09/top-6-books-to-learn-programming-coding.html
Top 10 Books For Software Engineers | Devscover,https://devscover.com/coding/top-10-books-for-software-engineers/
10 Best Books for Blockchain Developers in 2019 - U.Today,https://u.today/guides/blockchain/10-best-books-for-blockchain-developers-in-2019
TOP-35 Programming Books in 2020 - ByteScout,https://bytescout.com/blog/top-20-programming-books-in-2019.html
Soft Skills:The software developer's life manual ... - Amazon.fr,https://www.amazon.fr/Soft-Skills-software-developers-manual/dp/1617292397
Software engineer reading list: My favourite books about ...,https://dbader.org/blog/my-favourite-books-about-programming
Top 7 Books Every Computer Game Developer Should Read ...,https://www.lcca.org.uk/blog/education/top-7-books-every-computer-game-developer-should-read/
12 Most Influential Books Every Software Engineer Needs to ...,https://jasonroell.com/2015/03/16/12-most-infuential-books-every-software-engineer-needs-to-read/
Top 20 of Best Java Books Recommended Most Times by ...,https://www.blog.consultants500.com/web-mobile-design-and-development/top-20-best-java-books-recommended-times-java-pros/
10 must-read books for developers | InfoWorld,https://www.infoworld.com/article/2620356/10-must-read-books-for-developers.html
Coding by the Book: 7 Books Every Software Developer ...,https://blog.newrelic.com/engineering/best-books-software-developer/
"Best Programming Books for 2020 | Web, Design ...",https://www.freelancinggig.com/blog/2019/11/19/best-programming-books-for-2020/
5 Great Books For Computer Programmers – The Best ...,https://www.bestmastersdegrees.com/lists/5-great-books-for-computer-programmers
7 books you must read to be a real software developer ...,https://www.idginsiderpro.com/article/3269032/7-books-you-must-read-to-be-a-real-software-developer.html
Recommended Reading List for Developers,https://www.intel.cn/content/dam/www/public/us/en/documents/white-papers/developer-reading-list.pdf
7 Must Read Books for Becoming a Better Software Developer,https://serverless.com/blog/software-engineering-resources/
Buy the books – Joel on Software,https://www.joelonsoftware.com/buy-the-books/
Must-read books for junior and aspiring developers - Chris ...,https://www.chrisblakely.dev/must-read-books-for-junior-and-aspiring-developers/
Best books on Managing a Software Development Team? - Software ...,https://softwareengineering.stackexchange.com/questions/20628/best-books-on-managing-a-software-development-team
The Best Python Books to Get You Coding Like a Pro ...,https://www.springboard.com/blog/best-python-books/
Top 10 C# Developer Books for Summer 2019 | Claudio ...,https://www.claudiobernasconi.ch/2019/06/05/top-10-csharp-developer-books/
Top 10 Books and Courses to Learn Core Java in Depth ...,https://itnext.io/must-read-books-to-learn-java-programming-327a3768ea2f
5 Best Programming Books for Beginners in 2018 ...,https://blog.hyperiondev.com/index.php/2018/06/12/5-best-programming-books-for-beginners/
10 Vital Books for Web Designers and Developers - Awwwards,https://www.awwwards.com/10-vital-books-for-web-designers-and-developers.html
8 books to read if you're looking for a job in software ...,https://www.businessinsider.com/books-to-read-if-job-in-software-engineering
7 Essential Programming Books X-Team Developers ...,https://x-team.com/blog/7-essential-programming-books/
The Top 10 Mobile Application Developer Books | Blog ...,https://www.explore-group.com/blog/the-top-10-mobile-application-developer-books/bp17/
6 classic books every developer should read | 11Digits,https://www.11digits.com/2019/04/09/must-read-list-every-software-developer/
5 latest Android books recommended for Java developers,https://www.codejava.net/books/5-latest-android-books-recommended-for-java-developers
5 Books Every Software Developer Should Read | Making ...,https://blog.makingsense.com/2018/03/5-books-every-software-developer-should-read/
Best Books to Learn Python for Beginners and Experts in 2019 ...,https://www.geeksforgeeks.org/best-books-to-learn-python-for-beginners-and-experts-in-2019/
Top 10 Programming Books Every .NET Developer Should Own,https://www.danylkoweb.com/Blog/top-10-programming-books-every-net-developer-should-own-QG
10 Books Every Java Developer Should Read,https://www.petrikainulainen.net/reviews/10-books-every-java-developer-should-read/
Developer Book Club | Henrik Warne's blog,https://henrikwarne.com/2016/11/08/developer-book-club/
Ruby Books - Programming Zen,https://programmingzen.com/ruby-books/
Book recommendations for programmers - Algotech Solutions,https://www.algotech.solutions/blog/after-hours/book-recommendations-for-programmers/
13 Best non-programming books programmers should read as ...,https://www.slant.co/topics/241/~best-non-programming-books-programmers-should-read
7 Books Game Developers MUST Read - OpenXcell,https://www.openxcell.com/7-books-game-developers-must-read
Top 7 Best MySQL Books For Developers & Database ...,https://www.mysqltutorial.org/mysqlbooks.aspx
12 Most Influential Books Every Programmer | Developer Must ...,https://www.fromdev.com/2011/08/11-most-influential-books-every.html
6 Books Every Beginner Developer Needs to Read - Naturaily,https://naturaily.com/blog/books-for-beginner-developers
Books - Kotlin,https://kotlinlang.org/docs/books.html
Alan Kay's answer to 'what are some forgotten books ...,https://news.ycombinator.com/item?id=20653453
11 Books Every Ruby on Rails Developer Should Read ...,https://www.netguru.com/codestories/11-books-every-ror-developer-should-read
Top 10 Books For Advanced Level Java Developers,https://www.javacodegeeks.com/2013/09/top-10-books-for-advanced-level-java-developers.html
Books Every Programmer Must Read - SoftwareYoga,https://www.softwareyoga.com/must-read-book-list-for-programmers/
Books every Android developer should read - Android edX ...,http://androiddeveloper.galileo.edu/2018/04/24/books-every-android-developer-read-2018/
The Complete Software Developer's Career Guide: How to ...,https://www.amazon.co.uk/Complete-Software-Developers-Career-Guide-ebook/dp/B073X6GNJ1
Must read programming books - Small Business Programming,https://smallbusinessprogramming.com/must-read-programming-books/
Top 37 JavaScript Books for Beginners and Experienced ...,https://www.mockplus.com/blog/post/javascript-books
8 Ruby on Rails Books You Should Read to Become a Better ...,https://blog.railwaymen.org/8-ruby-on-rails-books-you-should-read-to-become-a-better-developer
Top 27 JavaScript Books for Web Developers 2019 - Colorlib,https://colorlib.com/wp/best-javascript-books/
Best Books to Learn Ruby on Rails - intermediate level ...,https://prograils.com/posts/ruby-rails-books-learn-intermediate
Best Books for Software Developers - EBG Consulting,https://www.ebgconsulting.com/blog/best-books-for-software-developers/
The Top Books For Intermediate Level Programmers ...,https://tutorialedge.net/general/top-books-for-intermediate-programmers/
40 Best Books For Web Developers - Invent With Code,https://www.inventwithcode.com/best-books-for-web-developers/
Book recommendations for software entrepreneurs and ...,https://blog.prototypr.io/book-recommendations-for-software-entrepreneurs-and-product-managers-788934e62f8e
Top 7 Android Books - Best Picks for Android Developers ...,https://data-flair.training/blogs/android-books/
The 18 best developer war stories and postmortems,https://techbeacon.com/app-dev-testing/18-fascinating-developer-war-stories-postmortems
Top Linux Developers' Recommended Programming Books ...,https://www.linux.com/news/top-linux-developers-recommended-programming-books/
Top 8 Must Read Books to Become a Java Pro - Betsol,https://betsol.com/top-8-must-read-books-to-become-a-java-pro/
5 Books Every Coding Beginner Should Read - Coder Academy,https://coderacademy.edu.au/blog/coding-starters/books-every-coding-beginner-should-read
7 Best Programming Books for Beginners in 2020,https://www.anysoftwaretools.com/best-programming-books/
Best Books for Programmers (Updated 2020) - Simple ...,https://simpleprogrammer.com/best-programming-books-2019/
7 Essential Books for Programmers - Better Programming ...,https://medium.com/better-programming/7-essential-books-for-programmers-869bca83b360
10 Programming Books you Need to Read - Full-Stack tips ...,https://medium.com/full-stack-tips/programming-books-372c0063b440
Best Books for Programmers (The Ultimate List) - Afternerd,https://www.afternerd.com/blog/best-books-programmers/
Best Programming Books: 9 Books to Read and Distinguish ...,https://www.codingdojo.com/blog/9-best-programming-books-read-right-now-want-distinguish
Best Programming Books: 9 Books to Read and Distinguish Yourself,https://www.codingdojo.com/blog/9-best-programming-books-read-right-now-want-distinguish
Gallery: 20 books that every programmer should read - TechRepublic,https://www.techrepublic.com/pictures/gallery-15-books-that-every-programmer-should-read/
Is buying books for programming worth it? - Quora,https://www.quora.com/Is-buying-books-for-programming-worth-it
5 Tips for Learning How to Code From a Programming Book,https://blog.newrelic.com/culture/learn-code-programming-book/
Amazon Best Sellers: Best Computer Programming,https://www.amazon.com/Best-Sellers-Books-Computer-Programming/zgbs/books/3839
Programming Books: Every Developer Should Read These ...,https://www.whoishostingthis.com/resources/programming-books/
29 Must Read Books For Programmers - DEV Community ‍    ‍,https://dev.to/bosepchuk/29-must-read-programming-books-2n45
Best Coding Books: Programming Books to Read for Beginners,https://www.bitdegree.org/tutorials/coding-books/
What are some good programming books? - Quora,https://www.quora.com/What-are-some-good-programming-books
Recommended Books for Programmers | CalliCoder,https://www.callicoder.com/recommended-books/
What are the best books for programmers? - Quora,https://www.quora.com/What-are-the-best-books-for-programmers
10 Books Every Programmer Should Read | Java67,https://www.java67.com/2015/03/10-books-every-programmer-and-software-engineer-read.html
The 13 Best Programming Books For Software Developers ...,https://selftaught.blog/best-programming-books/
100 Best Programming Books of All Time - BookAuthority,https://bookauthority.org/books/best-programming-books
The Best Books For Software Developers 2019 - Eduards Sizovs,https://sizovs.net/2019/03/17/the-best-books-all-software-developers-must-read/
Best books on programming for developers and programmers ...,https://peterdaugaardrasmussen.com/2018/12/23/great-programming-books-that-i-still-recommend-in-2019/
Best Computer Coding Books for Beginners and Experts in ...,https://coderseye.com/best-coding-books-for-beginners/
The Best Books on Computer Science and Programming ...,https://fivebooks.com/best-books/programming-computer-science-ana-bell/
Best Books for Programmers in 2020 | CodeSpot,https://www.codespot.org/best-books-for-programmers/
TOP-35 Programming Books in 2020 - ByteScout,https://bytescout.com/blog/top-20-programming-books-in-2019.html
10 Data Structure & Algorithms Books Every Programmer ...,https://hackernoon.com/10-data-structure-algorithms-books-every-programmer-should-read-d50487313127
5 Great Books For Computer Programmers – The Best ...,https://www.bestmastersdegrees.com/lists/5-great-books-for-computer-programmers
Best 50 Python Books for Programmers with All Skill Sets ...,https://linuxhint.com/best_50_python_books/
Gallery: 20 books that every programmer should read ...,https://www.techrepublic.com/pictures/gallery-15-books-that-every-programmer-should-read/
Popular Programming Books - Goodreads,https://www.goodreads.com/shelf/show/programming
Programmer Books | Download Free PDF Programming Ebooks,https://www.programmer-books.com/
10 Best C and C++ Books (Recommended by the Programming,https://hackr.io/blog/10-best-c-cpp-books
10 Best Python Books for Beginners & Advanced Programmers,https://hackr.io/blog/best-python-books-for-beginners-and-advanced-programmers
Beginner Books - learn programming with free books ...,https://www.linuxlinks.com/beginnerbooks/
8 Must-Read Books for Python Programmers - Towards Data ...,https://towardsdatascience.com/8-must-read-books-for-python-programmers-20009a3f3ec3
Top 6 Books to Learn and Master Programming ... - Javarevisited,https://javarevisited.blogspot.com/2014/09/top-6-books-to-learn-programming-coding.html
7 Best Programming Books for Beginners in 2020,https://www.anysoftwaretools.com/best-programming-books/
Books that Junior Developers should read in 2019,https://www.freecodecamp.org/news/9-books-for-junior-developers-in-2019-e41fc7ecc586/
5 Best Programming Books for Beginners in 2018 ...,https://blog.hyperiondev.com/index.php/2018/06/12/5-best-programming-books-for-beginners/
Books that changed the way you understand programming ...,https://www.reddit.com/r/learnprogramming/comments/8ukniw/books_that_changed_the_way_you_understand/
The best books for programmers (updated 2020 ...,https://www.happycoders.eu/career/best-books-for-programmers/
Programming Books Area Waste Of Time - C2 wiki,https://wiki.c2.com/?ProgrammingBooksAreaWasteOfTime
Getting the Most Out of Reading Books on Programming ...,https://www.cprogramming.com/learningfrombooks.html
10 Classic Books Every Serious Programmer Should Read ...,https://dzone.com/articles/books-every-programmer-should-read
Best Free Programming Books | Toptal,https://www.toptal.com/software/toptal-s-list-of-top-free-programming-books
10 Programming Books Every Programmer Should Read,https://www.technotification.com/2018/12/10-programming-books-programmers.html
13 Best non-programming books programmers should read as ...,https://www.slant.co/topics/241/~best-non-programming-books-programmers-should-read
Recommended Reading for Developers - Coding Horror,https://blog.codinghorror.com/recommended-reading-for-developers/
Programming & Software Development Books : Buy Books on ...,https://www.amazon.in/Programming-Software-Development-Books/b?ie=UTF8&node=1318116031
Best Books to Learn Python for Beginners and Experts in 2019 ...,https://www.geeksforgeeks.org/best-books-to-learn-python-for-beginners-and-experts-in-2019/
Terrific Coding Books to Introduce Programming to Kids ...,https://www.readbrightly.com/childrens-books-to-introduce-coding/
What is the single most influential book every programmer should ...,https://stackoverflow.com/questions/1711/what-is-the-single-most-influential-book-every-programmer-should-read
Software engineer reading list: My favourite books about ...,https://dbader.org/blog/my-favourite-books-about-programming
Top 10 Career-Changing Programming Books - Absolutely No ...,https://www.nomachetejuggling.com/2014/02/05/top-10-career-changing-programming-books/
10 Must-Read Books For All Programmers - InformationWeek,https://www.informationweek.com/software/10-must-read-books-for-all-programmers/d/d-id/1325505
5 Personal Development Books You Should Read as a ...,https://codinginflow.com/personal-development-books-programmer
100 Most Influential Programming Books According to Stack ...,https://cspray.io/my.so-archive/100-most-influential-programming-books.html
Computing and Internet Programming: Books: Amazon.co.uk,https://www.amazon.co.uk/Programming-Computers-Internet-Books/b?ie=UTF8&node=269678
What non-programming books should a programmer read to help ...,https://softwareengineering.stackexchange.com/questions/966/what-non-programming-books-should-a-programmer-read-to-help-develop-programming
What is the best book(s) for improving our programming skills?,https://www.researchgate.net/post/What_is_the_best_books_for_improving_our_programming_skills
Top 5 Best Computer Programming Books For Beginners ...,http://gria.org/best-computer-programming-books-beginners/
13 BEST C Programming Books for Beginners (2020 Update),https://www.guru99.com/best-c-books.html
Must read programming books - Small Business Programming,https://smallbusinessprogramming.com/must-read-programming-books/
Books Every Programmer Must Read - SoftwareYoga,https://www.softwareyoga.com/must-read-book-list-for-programmers/
Top Books for Software Developers,http://www.finsmes.com/2019/07/top-books-for-software-developers.html
10 Free Programming Books You Should Read in 2018 ...,https://tutorialzine.com/2018/01/10-free-programming-books-you-should-read-in-2018
65+ Best Programming Books For Computer Programmers ...,https://www.fromdev.com/2015/01/computer-programming-books.html
Six Great Books for Coders that Aren't About Coding ...,https://blog.teamtreehouse.com/six-great-books-for-coders-that-arent-about-coding
5 Best Programming Books for Beginners and Experts in 2019,https://zeroequalsfalse.com/posts/best-programming-books-for-beginners-and-experts/
A selection of good books for programmers - WriteAbout.Tech,https://writeabout.tech/programming/a-selection-of-good-books-for-programmers/
Top 5 Best C++ Books for programming - AticleWorld,https://aticleworld.com/best-c-books/
Best Perl Books For Programmers: The Ultimate Collection,https://whatpixel.com/best-perl-books/
Alan Kay's answer to 'what are some forgotten books ...,https://news.ycombinator.com/item?id=20653453
Best Books for C Programming - Top Options for Serious ...,https://www.bmu.edu.in/social/best-books-for-c-programming/
Books \ Processing.org,https://processing.org/books/
"My Favorite 100 Programming, Computer and Science Books ...",https://catonmat.net/top-100-books-part-one
Six Essential Language Agnostic Programming Books - Scott ...,https://www.hanselman.com/blog/SixEssentialLanguageAgnosticProgrammingBooks.aspx
The Best Python Books – Real Python,https://realpython.com/best-python-books/
Best Books for Learning C Programming | Hacker News Books,https://hackernewsbooks.com/topics/learning-c-programming-books
Tech eBooks: Free Coding Books & Programming Books ...,https://play.google.com/store/apps/details?id=com.muzudre.Probooks&hl=en_US
12 Most Influential Books Every Software Engineer Needs to ...,https://jasonroell.com/2015/03/16/12-most-infuential-books-every-software-engineer-needs-to-read/
The Best Python Books for All Skill Levels - Stack Abuse,https://stackabuse.com/the-best-python-books-for-all-skill-levels/
7 Books to Improve Your Productivity and Developer Skills ...,https://www.squidhub.com/blog/7-books-improve-productivity-developer-skills/
8 Most Influential Books on Programming of All Time,https://www.bgosoftware.com/blog/8-most-influential-books-on-programming-and-computer-science-of-all-time/
Top 8 Must Read Books to Become a Java Pro - Betsol,https://betsol.com/top-8-must-read-books-to-become-a-java-pro/
"Best Programming Books for 2020 | Web, Design ...",https://www.freelancinggig.com/blog/2019/11/19/best-programming-books-for-2020/
Programming Language Books | New & Used Books from ...,https://www.thriftbooks.com/b/programming-language/
7 Essential Programming Books X-Team Developers ...,https://x-team.com/blog/7-essential-programming-books/
Why Programmers Should Read Good Fiction | Lullabot,https://www.lullabot.com/articles/why-programmers-should-read-good-fiction
Best Free Books for Java Programming 2017 - EverSQL,https://www.eversql.com/best-free-books-for-java-programming-2017/
Category:Computer programming books - Wikipedia,https://en.wikipedia.org/wiki/Category:Computer_programming_books
5 Tips for Learning How to Code From a Programming Book,https://blog.newrelic.com/culture/learn-code-programming-book/
18 Python programming books for beginners and veterans ...,https://opensource.com/article/18/9/python-programming-book-list
What are reddit's favorite books to learn about programming?,https://redditfavorites.com/books?category_id=programming
18 Best Java Books For Beginners In 2019 - CodeGym,https://codegym.cc/groups/posts/72-18-best-java-books-for-beginners-in-2019
Software development books: the essential list in 2018 ...,https://apiumhub.com/tech-blog-barcelona/software-development-books/
The Best Python Books to Get You Coding Like a Pro ...,https://www.springboard.com/blog/best-python-books/
A Parent's Guide To Computer Programming Books For Kids ...,https://bookriot.com/2019/04/09/computer-programming-books-for-kids/
Top 7 Python programming books you need to read | Packt Hub,https://hub.packtpub.com/top-7-python-programming-books-need-to-read/
Best books for competitive programming? - Codeforces,https://codeforces.com/blog/entry/48918
Top 10 Books and Courses to Learn Core Java in Depth ...,https://itnext.io/must-read-books-to-learn-java-programming-327a3768ea2f
9 Free Programming Books That Will Make You A Pro,https://www.makeuseof.com/tag/9-free-programming-books-will-make-pro/