Title,Link
The Best Python Books – Real Python,https://realpython.com/best-python-books/
10 Best Python Books for Beginners & Advanced Programmers,https://hackr.io/blog/best-python-books-for-beginners-and-advanced-programmers
The Best Python Books for All Skill Levels - Stack Abuse,https://stackabuse.com/the-best-python-books-for-all-skill-levels/
11 Best Python Programming Books for Beginner (2020 Update),https://www.guru99.com/best-python-books.html
The Best Python Books for All Skill Levels - Stack Abuse,https://stackabuse.com/the-best-python-books-for-all-skill-levels/
Best Python Books (2020) - Will Vincent,https://wsvincent.com/best-python-books/
Best Books to Learn Python for Beginners and Experts in 2019 ...,https://www.geeksforgeeks.org/best-books-to-learn-python-for-beginners-and-experts-in-2019/
The Best Python Books to Get You Coding Like a Pro ...,https://www.springboard.com/blog/best-python-books/
8 Must-Read Books for Python Programmers - Towards Data ...,https://towardsdatascience.com/8-must-read-books-for-python-programmers-20009a3f3ec3
Top 5 Books to learn Python for Beginners - Best of Lot - DEV ...,https://dev.to/javinpaul/top-5-books-to-learn-python-for-beginners-best-of-lot-4f1n
Which is the best book for learning python for absolute beginners ...,https://www.quora.com/Which-is-the-best-book-for-learning-python-for-absolute-beginners-on-their-own
7 Best Python Books to Learn Programming in 2020 | Career ...,https://careerkarma.com/blog/best-python-books/
Find the best Python books - pythonbooks.org,https://pythonbooks.org/
Top 10 Best Python Book for Beginners & Experienced(Latest ...,https://data-flair.training/blogs/best-python-book/
Best Python Books For Beginning & Intermediate Programmers,https://whatpixel.com/best-python-books/
Best 50 Python Books for Programmers with All Skill Sets ...,https://linuxhint.com/best_50_python_books/
7 Best Books to Learn Python in 2020 - AnySoftwareTools,https://www.anysoftwaretools.com/best-python-books/
100 Best Python Books of All Time - BookAuthority,https://bookauthority.org/books/best-python-books
5 Excellent Books to Learn Python in 2020 - Level Up Coding,https://levelup.gitconnected.com/5-excellent-books-to-learn-python-in-2020-768614974ecc
AdvancedBooks - Python Wiki,https://wiki.python.org/moin/AdvancedBooks
PythonBooks - Learn Python the easy way !,https://pythonbooks.revolunet.com/
Learning Python — The Hitchhiker's Guide to Python,https://docs.python-guide.org/intro/learning/
What books should I read to move past the beginner stage in ...,https://dbader.org/blog/python-intermediate-level-books
"Learn Python: Best Python tutorials, courses & books 2020 ...",https://reactdom.com/python
Best Python & Django Books And Tutorials For Beginners,https://djangostars.com/blog/python-and-django-beginners-pack-books-tutorials-newsletters/
Best Books for Learning Python Programming | Hacker News ...,https://hackernewsbooks.com/topics/learning-python-programming-books
Best Python Books in 2020 - Programmer Friend,https://programmerfriend.com/best-python-books-2020/
10 Best Books To Learn Python For Beginners And Experts ...,https://www.codeitbro.com/best-books-to-learn-python/
The Best Learning Python Books | Five Books Expert ...,https://fivebooks.com/best-books/learning-python-and-data-science-vicki-boykis/
Top 10 Best Books for Python | Books for Beginners ... - Edureka,https://www.edureka.co/blog/best-books-for-python/
Top 10 Best Python Books [Updated 2018] - Electronics Hub,https://www.electronicshub.org/best-python-books/
Top 10 Best Python Book for Beginners and Experienced ...,https://dzone.com/articles/top-10-best-python-book-for-beginners-amp-experien
Popular Python Books - Goodreads,https://www.goodreads.com/shelf/show/python
15 Best books to learn Python 3 as of 2020 - Slant,https://www.slant.co/topics/4709/~books-to-learn-python-3
The 20 Best Python Books Available Online in 2020 - UbuntuPIT,https://www.ubuntupit.com/best-python-books-available-online/
18 Python programming books for beginners and veterans ...,https://opensource.com/article/18/9/python-programming-book-list
Top 7 Python programming books you need to read | Packt Hub,https://hub.packtpub.com/top-7-python-programming-books-need-to-read/
5 Best Python Programming books for Beginners [ Bestseller ],https://techworm.net/programming/best-python-programming-books/
PythonBooks: Find the best books for learning Python : learnpython ...,https://www.reddit.com/r/learnpython/comments/6j4k4k/pythonbooks_find_the_best_books_for_learning/
How To Code Like Real Pythonista (Best Python Books ...,https://firebearstudio.com/blog/how-to-code-like-real-pythonista-best-python-books.html
Does anyone have any suggestions for a good book on Python,https://www.researchgate.net/post/Does_anyone_have_any_suggestions_for_a_good_book_on_Python_Thanks10
Best Python books for junior and senior programmers,https://howtocodewell.net/shop/books/python
10 Best Books to Learn Python in 2019 - BML Munjal University,https://www.bmu.edu.in/social/best-books-to-learn-python/
Best Books for Learning Python Programming 2020 ...,https://computingforgeeks.com/best-books-for-learning-python-programming/
Best Python Book For Beginners - Simplified Python,https://www.simplifiedpython.net/best-python-book-for-beginners/
Best Python book to learn in 2019 | imKrish,https://www.imkrish.com/best-python-book-to-learn-in-2019/
Python Books | ICT Academy at IITK,https://ict.iitk.ac.in/python-books/
21 Best Books to Learn Python programming ( Top rated),https://www.dunebook.com/best-book-learn-python-programming/
Top 10 Python Books Of 2018 That You Should Read!,https://www.smartspate.com/top-10-python-books-of-2018/
Top 3 Best Python Books You Should Read in 2019,https://zeroequalsfalse.com/posts/3-best-python-books/
Best Python Books You Should Read in 2019 - TechGeekBuzz,http://www.techgeekbuzz.com/best-python-books/
5 Best Python Books For Beginners - The Crazy Programmer,https://www.thecrazyprogrammer.com/2015/03/5-best-python-books.html
Best Python Programming Books 2020: Beginners to Advanced,https://www.onlinebooksreview.com/articles/best-python-programming-book-2019
Best Python Resources - Full Stack Python,https://www.fullstackpython.com/best-python-resources.html
Python Programming (Third Edition) (For the Absolute Beginner),https://www.amazon.co.uk/Python-Programming-Third-Absolute-Beginner/dp/1435455002
Best Books to Learn Python - Course Report,https://www.coursereport.com/blog/best-books-to-learn-python
Best PYTHON book for Finance | AnalystForum,https://www.analystforum.com/forums/cfa-forums/cfa-general-discussion/91369834
Top 5 Python Books - https://www.pythoncircle.com,https://www.pythoncircle.com/post/646/top-5-python-books/
"From beginner to pro: Python books, videos and ... - PyBites",https://pybit.es/python-resources.html
The 3 Best Python Books for Your Team - Andrew Montalenti,https://amontalenti.com/2015/06/06/pybooks
Top 5 Essential Books for Python Machine Learning | QuantStart,https://www.quantstart.com/articles/top-5-essential-books-for-python-machine-learning/
Python Books - Python-Course.eu,https://www.python-course.eu/python_books.php
Best resources to learn Python | Best Place and Books,https://www.stackoftuts.com/python-3/best-resources-learn-python-place-books/
8 Best Python Books for Absoulte Beginners - PhreeSite.com,https://phreesite.com/python-books-for-beginners/
27 Amazing Data Science Books Every Data Scientist Should ...,https://www.analyticsvidhya.com/blog/2019/01/27-amazing-data-science-books-every-data-scientist-should-read/
5 best Python programming books for beginners | TechGig,https://content.techgig.com/5-best-python-programming-books-for-beginners/articleshow/69038637.cms
Python Beginner Books - Python - The freeCodeCamp Forum,https://www.freecodecamp.org/forum/t/python-beginner-books/197435
Python Books - Buy Python Books Online at Best Prices ...,https://www.flipkart.com/books/educational-and-professional-books/academic-texts-books/computers-internet-books/programming/programming-languages/python/pr?sid=bks%2Cenp%2Cq2s%2Cwum%2Cqf1%2C761%2C7cq&page=2
What are good books on advanced topics in Python? - Intellipaat,https://intellipaat.com/community/36296/what-are-good-books-on-advanced-topics-in-python
Win FREE copies of the 13 BEST Python books,https://www.pyimagesearch.com/2014/09/24/win-free-copies-13-best-python-books/
Top 12 Must Read Books for Data Scientists on Python,https://www.digitalvidya.com/blog/must-read-books-for-data-scientists-on-python/
14 Python resources for intermediate and advanced Python ...,https://sunscrapers.com/blog/14-python-resources-for-intermediate-and-advanced-python-developers/
Recommended Python learning resources - Part 1 (2019) - Deep ...,https://forums.fast.ai/t/recommended-python-learning-resources/26888
What is the best quick-read Python book out there? - Stack Overflow,https://stackoverflow.com/questions/34570/what-is-the-best-quick-read-python-book-out-there
Check out Real Python's list of the best Python coding books ...,https://www.pinterest.fr/pin/431782683020445033/
"Learn Python: Tutorials for Beginners, Intermediate, and ...",https://stackify.com/learn-python-tutorials/
Python books — Python for Biologists,https://pythonforbiologists.com/python-books
Best Python book? - Programming - Linus Tech Tips,https://linustechtips.com/main/topic/290363-best-python-book/
Best Deep Learning Books: Updated for 2019 - FloydHub Blog,https://blog.floydhub.com/best-deep-learning-books-updated-for-2019/
Best Python book/resource for beginners? - The Student Room,https://www.thestudentroom.co.uk/showthread.php?t=2038399
"A Python Book: Beginning Python, Advanced ... - Dave Kuhlman",https://www.davekuhlman.org/python_book_01.pdf
Class 12 python projects pdf,https://corporatefunrun.com/q9yl/class-12-python-projects-pdf.html
Python Books & eBooks | Apress,https://www.apress.com/gp/python
"Best Python Books for Beginners 2017 | Web, Design ...",https://www.freelancinggig.com/blog/2017/04/14/best-python-books-beginners-2017/
Python | DevFreeBooks,https://devfreebooks.github.io/python
"Best Book for Learning Python | Machine Learning,Data ...",https://www.datasciencelearner.com/best-book-learning-python/
Learning Python programming with generic GIS goals in mind ...,https://gis.stackexchange.com/questions/3001/learning-python-programming-with-generic-gis-goals-in-mind
Top 10 Books To Learn Python | Best Books For Python ...,https://www.youtube.com/watch?v=iKjlIud4So8
11 Resource to Learn Python for Beginners - Geekflare,https://geekflare.com/python-learning-resources/
Python Books - Python and R Tips,https://cmdlinetips.com/python-books/
Complete Guide For Python Programming - Programmer Books,https://www.programmer-books.com/complete-guide-for-python-programming/
8 Books for Getting Started With Computer Vision,https://machinelearningmastery.com/computer-vision-books/
Serious Python — A book on advanced Python development,https://serious-python.com/
8 best python Data Science books - Big Data Made Simple,https://bigdata-madesimple.com/8-best-python-data-science-books/
"Best Python Certifications/Courses, Tutorials, & Books - Tech ...",https://techguided.com/best-python-certifications-courses-tutorials-books/
Best Book To Learn Python For Physics,http://qvoz.sozialestadt-netzwerk-ohz.de/best-book-to-learn-python-for-physics.html
Python Books For Enthusiasts - I Programmer,https://www.i-programmer.info/professional-programmer/programmers-bookshelf/12565-python-books-for-enthusiasts.html
Best Python Reference Book? - Python Forum,https://python-forum.io/Thread-Best-Python-Reference-Book
Best Python Books To Teach Coding For Kids | Learn Richly,https://www.learnrichly.com/review-roundups/beginning-python-books-teach-coding-kids/
10 essential resources for intermediate Python programmers ...,https://www.developer-tech.com/news/2018/may/24/10-essential-resources-intermediate-python-programmers/
15+ Python Books To Learn Python Programming For Beginners,https://www.houseofbots.com/news-detail/4490-1-15plus-python-books-to-learn-python-programming-for-beginners-and-veterans
"""Python Workout"" is Manning's ""Deal of the Day"" — Reuven ...",https://lerner.co.il/2020/02/28/python-workout-is-mannings-deal-of-the-day-4/
Python data science handbook 2nd edition pdf,https://brownhelm.com/c4oj8jn/python-data-science-handbook-2nd-edition-pdf.html
What I Learned Writing Amazon's Best-Selling Python Book,https://writingcooperative.com/what-i-learned-writing-amazons-best-selling-python-book-d3827db4e98c
10 top Python resources on O'Reilly's online learning platform ...,https://www.oreilly.com/content/10-top-python-resources-on-oreillys-online-learning-platform/
best python coding book - Raspberry Pi Forums,https://www.raspberrypi.org/forums/viewtopic.php?t=156748
Python Ebook Reader,http://nyni.vier-gaerten.de/python-ebook-reader.html
Index Of Python Books - Vip Pokemon Karten,http://nxyk.vippokemonkarten.de/index-of-python-books.html
O Reilly Python Books Github - ac-s-shop.de,http://cbiy.ac-s-shop.de/o-reilly-python-books-github.html
Index of python books - Reggie Beehner Photography,http://beehnerphotography.com/81xgm/index-of-python-books.html
Best Python Projects,http://pdua.t-h-fotografie.de/best-python-projects.html
Best Python Books | BooksPython.com,https://www.bookspython.com/browse/best-python-books/
Learning Python,https://books.google.fr/books?id=ftA0yk1Z92wC&pg=PT22&lpg=PT22&dq=best+python+books&source=bl&ots=FBRF-aAR1u&sig=ACfU3U1AL9JtpdkD3Yi4KvTXhr7T68wTQg&hl=fr&sa=X&ved=2ahUKEwjZ5crMhPfnAhU-A2MBHQenAw84ZBDoATAeegQIUBAB
10 Best Python Books for Beginners & Advanced ... - giftcourse,https://www.giftcourse.me/2019/11/10-best-python-books-for-beginners.html
Jolt Awards: The Best Books | Dr Dobb's,https://www.drdobbs.com/testing/jolt-awards-the-best-books/240169070?pgno=7
Python automation,http://ruudseye.com/e86pnr/python-automation.html
Best python automation ideas,http://fcwinds.org/esu3/best-python-automation-ideas.html
"Pro Python Best Practices: Debugging, Testing and Maintenance",https://books.google.fr/books?id=pQphDgAAQBAJ&pg=PA7&lpg=PA7&dq=best+python+books&source=bl&ots=YVR3Q5wa2N&sig=ACfU3U3JMoQ1eW_c9QEjSCqcrEkTj4MxNQ&hl=fr&sa=X&ved=2ahUKEwjZ5crMhPfnAhU-A2MBHQenAw84ZBDoATAjegQIUxAB
Quantra python,https://thedavidsilverman.com/jqiejc/quantra-python.html
Python 2019 pdf - Ailglobal Blog,https://blog.ailglobal.net/gfd/python-2019-pdf.html
How to download books - Nina – Percept,http://ninapercept.com/htoawk14jfhd/lvkbj24hsjahs.php?jkuygdw63fdhr=how-to-download-books
Programming and problem solving with python by ashok ...,http://thenrlife.com/wwlmd/programming-and-problem-solving-with-python-by-ashok-namdev-kamthane-pdf.html
Python guide pdf,http://composicaoearte.com.br/55oiun/python-guide-pdf.html
Planet Python,https://planetpython.org/
Python for beginners,https://jinbor.com.tw/jcbigyi/python-for-beginners.html
Odoo 12 Development Essentials: Fast-track your Odoo ...,https://books.google.fr/books?id=_fKBDwAAQBAJ&pg=PA105&lpg=PA105&dq=best+python+books&source=bl&ots=0sorIu-xXh&sig=ACfU3U196LZ2AD9NowjKoHuAZ1AtoWSRpQ&hl=fr&sa=X&ved=2ahUKEwjZ5crMhPfnAhU-A2MBHQenAw84ZBDoATAtegQIVhAB
Building Machine Learning Systems with Python: Explore ...,https://books.google.fr/books?id=owZnDwAAQBAJ&pg=PA9&lpg=PA9&dq=best+python+books&source=bl&ots=T33CBGc46L&sig=ACfU3U1ZTuJx5iLWIaIfDEKqzjtaYSKfgw&hl=fr&sa=X&ved=2ahUKEwjZ5crMhPfnAhU-A2MBHQenAw84ZBDoATAvegQIWBAB
Awesome python books,http://cheriestcyr.net/9nic/awesome-python-books.html
Learning Python Pdf 2017 - gute-grundschule-aalen.de,http://hinv.gute-grundschule-aalen.de/learning-python-pdf-2017.html
Python For Finance Reddit - Epilierer,http://yozw.epilierer-24.de/python-for-finance-reddit.html
Programming in Python 3: A Complete Introduction to the ...,https://books.google.fr/books?id=Oj-e_CoI2tQC&pg=PT26&lpg=PT26&dq=best+python+books&source=bl&ots=ehPdYFAfcI&sig=ACfU3U1Y2PTqyXwrQFwnAM_nSRuRnlnksg&hl=fr&sa=X&ved=2ahUKEwjZ5crMhPfnAhU-A2MBHQenAw84ZBDoATA9egQIWRAB
Top 25 Python Programming Books - Machine Learning,http://www.aioptify.com/top-python-programming-books.php
Python For Pentesters Book,http://dhlu.maricca.ru/python-for-pentesters-book.html